City,Cloudiness,Country,Date,Humidity,Lat,Lng,Max Temp,Wind Speed
rikitea,12,PF,1562648396,85,-23.12,-134.97,72.94,26.11
yumen,0,CN,1562648151,19,40.29,97.04,82.66,18.28
hithadhoo,12,MV,1562648396,77,-0.6,73.08,84.1,16.53
albany,1,US,1562648396,77,42.65,-73.75,68.0,3.71
den helder,90,NL,1562648109,71,52.96,4.76,57.2,5.82
muravlenko,100,RU,1562648397,51,63.79,74.5,58.72,9.98
inta,57,RU,1562648397,49,66.04,60.13,57.82,7.2
bealanana,38,MG,1562648397,67,-14.54,48.75,72.58,2.15
mataura,100,NZ,1562648397,89,-46.19,168.86,48.0,11.01
salalah,75,OM,1562648397,79,17.01,54.1,84.2,8.05
vaini,55,IN,1562648397,79,15.34,74.49,82.84,11.83
cape town,75,ZA,1562648398,93,-33.93,18.42,57.99,4.7
ushuaia,0,AR,1562648398,93,-54.81,-68.31,35.6,5.82
busselton,52,AU,1562648398,45,-33.64,115.35,64.0,18.48
longyearbyen,75,NO,1562648398,81,78.22,15.63,50.0,9.17
new norfolk,20,AU,1562648398,47,-42.78,147.06,57.2,14.99
torbay,20,CA,1562648148,67,47.66,-52.73,59.0,19.46
aksehir,0,TR,1562648398,49,38.36,31.42,68.26,2.84
tura,65,RU,1562648399,68,64.27,100.22,64.3,12.33
los llanos de aridane,0,ES,1562648399,64,28.66,-17.92,69.8,10.29
teguise,42,ES,1562648399,82,29.06,-13.56,68.0,9.17
coquimbo,90,CL,1562648399,81,-29.95,-71.34,53.6,4.7
edd,35,ER,1562648399,30,13.93,41.69,95.26,3.76
butaritari,42,KI,1562648400,71,3.07,172.79,85.18,7.47
ahuimanu,75,US,1562648400,100,21.44,-157.84,86.0,13.87
gouyave,75,GD,1562648400,83,12.16,-61.73,80.6,11.41
jamestown,0,AU,1562648400,59,-33.21,138.6,56.2,9.55
honningsvag,0,NO,1562648109,81,70.98,25.97,50.0,2.24
ayan,0,IR,1562648400,44,38.23,44.7,62.68,3.02
saskylakh,57,RU,1562648400,41,71.97,114.09,69.52,9.1
vestmannaeyjar,48,IS,1562648401,77,63.44,-20.27,51.34,12.44
port alfred,5,ZA,1562648401,79,-33.59,26.89,62.01,8.01
ust-kulom,1,RU,1562648401,48,61.69,53.69,70.24,0.56
qaanaaq,95,GL,1562648401,89,77.48,-69.36,38.02,2.19
hilo,90,US,1562648169,83,19.71,-155.08,80.01,0.09
hasaki,75,JP,1562648402,73,35.73,140.83,72.0,11.41
santa fe,86,AR,1562648402,67,-31.62,-60.7,55.99,4.0
lebu,99,ET,1562648402,79,8.96,38.73,62.14,3.62
atar,0,MR,1562648402,24,20.52,-13.05,84.46,16.8
dikson,100,RU,1562648403,96,73.51,80.55,32.08,13.73
kaitangata,100,NZ,1562648403,59,-46.28,169.85,50.0,4.0
castro,90,CL,1562648404,100,-42.48,-73.76,50.0,13.87
manggar,38,ID,1562648150,54,-2.88,108.27,87.52,9.15
hamilton,40,CA,1562647879,63,43.26,-79.87,68.0,6.93
havre-saint-pierre,20,CA,1562648405,66,50.23,-63.6,55.4,2.24
hirado,75,JP,1562648121,88,33.32,129.49,78.8,5.82
kaspiyskiy,100,RU,1562648405,32,45.39,47.37,87.16,4.0
bambous virieux,20,MU,1562648405,94,-20.34,57.76,75.0,4.7
east london,0,ZA,1562648406,67,-33.02,27.91,59.0,10.29
hermanus,0,ZA,1562648406,90,-34.42,19.24,54.0,1.01
ajdabiya,0,LY,1562648406,77,30.75,20.22,77.8,4.21
punta arenas,90,CL,1562648400,100,-53.16,-70.91,39.2,4.7
naze,100,NG,1562648407,97,5.43,7.07,70.96,5.08
cedar city,1,US,1562648232,22,37.68,-113.06,64.99,8.05
vila velha,40,BR,1562648407,78,-3.71,-38.6,78.8,16.11
sakassou,75,CI,1562648408,94,7.45,-5.29,73.4,9.17
tocopilla,69,CL,1562648408,85,-22.09,-70.2,58.72,11.65
horqueta,0,PY,1562648408,83,-23.34,-57.05,51.34,4.09
souillac,0,FR,1562648408,48,45.6,-0.6,66.99,11.41
machinga,0,MW,1562648408,51,-15.18,35.3,59.0,3.36
mar del plata,99,AR,1562648409,73,-46.43,-67.52,43.78,6.67
vardo,1,US,1562648409,93,39.62,-77.74,68.0,1.74
tuktoyaktuk,20,CA,1562648409,76,69.44,-133.03,50.0,9.17
grindavik,90,IS,1562648409,87,63.84,-22.43,53.01,3.36
pevek,75,RU,1562648409,65,69.7,170.27,51.16,15.88
hami,88,CN,1562648409,13,42.84,93.51,92.92,5.21
barrow,67,AR,1562648410,83,-38.31,-60.23,43.78,8.66
bonavista,0,CA,1562648407,70,48.65,-53.11,57.0,4.0
clyde river,20,CA,1562648410,93,70.47,-68.59,42.8,9.17
fairbanks,90,US,1562648404,50,64.84,-147.72,79.0,5.03
raudeberg,65,NO,1562648410,87,61.99,5.14,53.6,3.36
nuuk,20,GL,1562648410,81,64.17,-51.74,48.2,5.82
fare,24,PF,1562648410,83,-16.7,-151.02,78.34,16.46
talnakh,75,RU,1562648411,76,69.49,88.39,51.8,24.61
elko,1,US,1562648411,32,40.83,-115.76,68.0,5.82
mugur-aksy,12,RU,1562648411,37,50.38,90.44,60.52,6.55
waiouru,100,NZ,1562648411,90,-39.48,175.67,43.06,5.14
le pradet,0,FR,1562648411,66,46.44,1.83,57.0,10.29
la baule-escoublac,0,FR,1562648411,62,47.28,-2.4,64.0,9.17
gat,40,SN,1562648146,83,14.69,-16.54,75.2,4.7
mayo,90,CA,1562648412,28,63.59,-135.9,73.4,5.82
bilibino,96,RU,1562648412,41,68.06,166.44,68.08,5.64
saint-philippe,1,CA,1562648412,93,45.36,-73.48,68.0,7.72
tsogni,79,GA,1562648412,85,-2.79,10.1,71.68,6.06
muros,75,ES,1562648412,93,42.77,-9.06,64.99,5.82
villa rica,40,CO,1562648413,82,3.18,-76.46,68.0,2.24
cumana,20,VE,1562648413,94,10.46,-64.17,78.8,12.1
glenwood springs,40,US,1562648413,61,39.55,-107.33,62.6,8.05
berlevag,0,NO,1562648413,66,70.86,29.09,50.0,4.7
hobart,20,AU,1562648404,47,-42.88,147.33,57.2,14.99
severo-kurilsk,100,RU,1562648413,96,50.68,156.12,42.34,1.66
preganziol,97,IT,1562648414,82,45.6,12.24,72.0,4.7
ixtapa,40,MX,1562648414,69,20.71,-105.21,82.99,6.49
carnarvon,0,ZA,1562648414,78,-30.97,22.13,44.14,3.44
pryozerne,0,UA,1562648414,76,49.42,24.47,55.4,8.95
huejucar,97,MX,1562648414,76,22.35,-103.22,61.06,0.85
khatanga,100,RU,1562648415,80,71.98,102.47,51.34,12.19
taltal,9,CL,1562648415,87,-25.41,-70.49,48.64,0.67
anchorage,75,US,1562648157,53,61.22,-149.89,82.4,6.93
ancud,90,CL,1562648415,100,-41.87,-73.83,50.0,13.87
thompson,75,CA,1562648415,72,55.74,-97.86,64.4,6.93
jumla,79,NP,1562648415,71,29.28,82.18,68.44,5.3
manta,100,RO,1562648416,95,45.1,24.1,57.1,0.13
luderitz,0,NA,1562648416,30,-26.65,15.16,57.2,3.36
isangel,20,VU,1562648416,57,-19.55,169.27,77.0,6.93
faya,20,SA,1562648416,49,18.39,42.45,71.6,4.99
avarua,0,CK,1562648119,78,-21.21,-159.78,75.2,3.36
victoria,75,BN,1562648416,74,5.28,115.24,89.6,3.36
khandagayty,18,MN,1562648417,36,50.73,92.07,73.3,2.06
black river,20,JM,1562648315,69,18.03,-77.85,82.4,3.36
ilukste,69,LV,1562648417,89,55.98,26.3,55.84,4.47
holme,9,DK,1562648417,82,56.11,10.17,55.4,12.75
sorland,0,NO,1562648124,87,67.67,12.69,55.4,1.12
atuona,7,PF,1562648417,74,-9.8,-139.03,80.32,15.48
puerto madryn,25,AR,1562648418,56,-42.77,-65.04,50.44,10.78
morondava,0,MG,1562648418,54,-20.3,44.28,69.88,9.78
san patricio,2,PY,1562648152,86,-26.98,-56.83,47.2,6.6
ribeira grande,93,PT,1562648418,84,38.52,-28.7,69.16,11.43
vanimo,99,PG,1562648418,73,-2.67,141.3,83.02,7.61
plouzane,0,FR,1562648224,87,48.38,-4.62,57.2,4.7
yellowknife,75,CA,1562648418,66,62.45,-114.38,50.0,12.75
deputatskiy,87,RU,1562648419,67,69.3,139.9,67.36,3.69
suluq,0,LY,1562648419,70,31.67,20.25,79.78,6.78
botucatu,0,BR,1562648419,93,-22.89,-48.44,46.84,5.39
barcelos,12,BR,1562648419,98,-0.97,-62.93,70.24,1.07
zabol,0,IR,1562648419,24,31.03,61.49,93.2,38.03
cabo san lucas,5,MX,1562648320,28,22.89,-109.91,84.2,2.24
tasiilaq,86,GL,1562648420,64,65.61,-37.64,33.8,5.82
ucluelet,66,CA,1562648420,92,48.94,-125.55,57.99,1.54
bredasdorp,6,ZA,1562648420,87,-34.53,20.04,48.2,5.82
husavik,93,CA,1562648420,82,50.56,-96.99,69.01,5.99
taoudenni,0,ML,1562648138,19,22.68,-3.98,94.18,5.37
port macquarie,0,AU,1562648420,42,-31.43,152.91,71.01,8.05
namibe,0,AO,1562648421,79,-15.19,12.15,67.72,3.69
diapaga,100,BF,1562648421,83,12.07,1.79,74.2,10.13
puerto ayora,39,EC,1562648421,96,-0.74,-90.35,70.0,1.99
georgetown,20,GY,1562648379,100,6.8,-58.16,75.2,2.24
kapiri mposhi,16,ZM,1562648421,38,-13.97,28.68,57.1,7.05
groningen,81,NL,1562648421,87,53.22,6.57,55.0,4.7
arraial do cabo,2,BR,1562648422,79,-22.97,-42.02,61.78,9.78
vannes,0,FR,1562648422,81,47.66,-2.76,64.0,6.93
bluff,0,AU,1562648422,48,-23.58,149.07,72.4,5.17
dois corregos,0,BR,1562648422,76,-22.37,-48.38,55.4,9.17
ilulissat,98,GL,1562648423,61,69.22,-51.1,46.4,3.36
lagoa,0,PT,1562648423,88,37.14,-8.45,64.0,3.36
lagos,20,NG,1562648332,88,6.46,3.39,77.0,2.24
paamiut,100,GL,1562648423,72,61.99,-49.67,47.74,16.02
bestobe,74,KZ,1562648423,37,52.5,73.1,74.92,11.16
pinawa,97,CA,1562648423,90,50.15,-95.88,64.0,1.99
taperoa,7,BR,1562648424,84,-7.21,-36.83,67.36,9.22
porto novo,0,BR,1562648424,100,-23.68,-45.44,50.0,5.68
omaruru,31,NA,1562648424,20,-21.42,15.95,53.68,12.12
kandrian,57,PG,1562648424,66,-6.21,149.55,79.78,11.16
savonlinna,90,FI,1562648343,93,61.87,28.88,52.0,9.17
south venice,20,US,1562648424,79,27.05,-82.42,84.2,6.93
muli,100,CN,1562648425,63,28.08,109.56,78.88,2.51
borsa,84,RO,1562648425,87,47.66,24.66,46.99,1.99
jatai,3,IN,1562648425,29,28.97,76.18,104.62,13.15
khuzhir,25,RU,1562648425,29,53.19,107.35,79.96,3.0
seguela,86,CI,1562648425,97,7.96,-6.67,69.34,3.49
suez,0,EG,1562648425,48,29.97,32.54,79.96,6.31
adrar,0,DZ,1562648426,11,27.87,-0.29,86.0,13.87
magaria,100,NE,1562648426,64,13.0,8.91,77.44,8.81
cidreira,56,BR,1562648426,88,-30.17,-50.22,49.18,3.42
port-gentil,99,GA,1562648426,86,-0.72,8.78,73.84,9.1
coihaique,91,CL,1562648426,93,-45.58,-72.07,39.2,3.36
kapaa,90,US,1562648427,88,22.08,-159.32,78.8,18.34
lincoln,100,GB,1562648411,87,53.23,-0.54,57.2,1.12
geraldton,75,CA,1562648427,59,49.72,-86.95,64.4,5.82
qasigiannguit,100,GL,1562648427,61,68.82,-51.19,46.4,3.36
comodoro rivadavia,0,AR,1562648428,71,-45.87,-67.48,50.0,4.18
eyl,65,SO,1562648428,47,7.98,49.82,86.26,31.47
madingou,100,CG,1562648428,89,-4.17,13.56,66.1,3.04
akdepe,0,TM,1562648428,11,42.05,59.39,91.4,6.93
polson,40,US,1562648428,55,47.69,-114.16,62.6,3.44
norman wells,75,CA,1562648428,42,65.28,-126.83,64.4,4.7
kolondieba,58,ML,1562648429,92,11.09,-6.89,72.22,5.68
matara,47,BI,1562648429,75,-3.48,29.48,56.92,2.53
te karaka,92,NZ,1562648429,90,-38.47,177.87,41.62,3.91
faanui,38,PF,1562648429,80,-16.48,-151.75,79.24,17.63
mitsamiouli,20,KM,1562648429,83,-11.38,43.28,71.6,6.93
omboue,84,GA,1562648151,86,-1.57,9.26,71.86,4.85
portland,1,US,1562648311,77,43.66,-70.25,63.0,8.05
srednekolymsk,0,RU,1562648430,27,67.46,153.71,79.78,12.33
sao joao da barra,100,BR,1562648430,73,-21.64,-41.05,61.24,1.1
bose,40,IT,1562648430,77,45.46,8.01,73.99,3.36
chara,0,GR,1562648430,69,39.42,22.43,82.99,1.45
cockburn town,46,TC,1562648431,80,21.46,-71.14,82.3,21.3
kodiak,1,US,1562648431,57,39.95,-94.76,78.8,9.17
abilene,1,US,1562648431,94,32.45,-99.73,77.0,12.75
balkhash,0,KZ,1562648431,35,46.84,74.98,84.2,17.9
quelimane,0,MZ,1562648431,93,-17.88,36.89,57.2,3.36
tazovskiy,5,RU,1562648172,61,67.47,78.7,50.62,11.59
pamekasan,68,ID,1562648432,42,-7.16,113.47,88.24,7.18
sola,0,TZ,1562648432,53,-3.17,33.8,72.76,7.52
kisanga,0,CD,1562648432,71,-11.72,27.4,53.6,6.93
nantucket,1,US,1562648405,88,41.28,-70.1,68.0,6.93
cherskiy,89,RU,1562648432,37,68.75,161.3,74.74,8.68
velizh,87,RU,1562648432,93,55.61,31.2,53.86,3.0
bethel,90,US,1562648433,69,60.79,-161.76,91.4,5.82
kodinsk,100,RU,1562648433,29,58.6,99.18,80.32,7.05
chokurdakh,98,RU,1562648433,40,70.62,147.9,70.06,7.02
kabinda,40,CD,1562648433,35,-6.14,24.49,70.6,1.63
asyut,0,EG,1562648433,47,27.18,31.19,78.8,11.41
aklavik,20,CA,1562648434,42,68.22,-135.01,62.6,9.17
iqaluit,75,CA,1562648434,76,63.75,-68.52,53.6,4.7
teodoro sampaio,0,BR,1562648434,86,-22.53,-52.17,50.8,8.79
baie-saint-paul,1,CA,1562648434,73,47.44,-70.51,61.0,1.99
la esperanza,75,CO,1562648434,100,7.64,-73.33,66.2,3.36
sol-iletsk,8,RU,1562648435,36,51.16,55.0,82.66,8.16
san andres,38,PH,1562648435,70,13.32,122.68,86.08,10.16
abaza,31,RU,1562648435,52,52.65,90.1,76.18,2.73
ponta do sol,0,BR,1562648435,88,-20.63,-46.0,48.46,3.76
viedma,0,AR,1562648435,82,-40.81,-62.99,44.86,10.36
katangli,82,RU,1562648435,81,51.71,143.23,49.54,10.56
nome,1,US,1562648436,94,30.04,-94.42,84.99,3.36
yar-sale,28,RU,1562648436,48,66.83,70.83,57.1,8.95
pacific grove,90,US,1562648436,77,36.62,-121.92,61.0,8.05
beyneu,0,KZ,1562648436,13,45.32,55.19,96.34,9.44
hualmay,85,PE,1562648436,86,-11.1,-77.61,62.68,16.84
dakar,40,SN,1562648437,83,14.69,-17.45,75.2,4.7
kadoma,75,JP,1562648437,69,34.73,135.6,82.4,8.05
shieli,0,KZ,1562648437,16,44.18,66.74,95.26,13.62
wucheng,100,CN,1562648437,99,29.09,119.57,68.62,3.96
severomuysk,81,RU,1562648437,51,56.17,113.57,62.32,4.56
duverge,100,DO,1562648437,89,18.38,-71.52,67.54,9.13
banjarmasin,93,ID,1562648438,59,-3.32,114.59,85.9,5.75
araouane,3,ML,1562648438,45,18.9,-3.53,87.7,18.1
provideniya,0,RU,1562648438,44,64.42,-173.23,75.2,11.18
haines junction,49,CA,1562648438,52,60.75,-137.51,59.98,3.47
labytnangi,100,RU,1562648438,62,66.66,66.39,48.64,4.74
elat,100,CM,1562648439,98,2.91,11.16,67.18,3.78
areia branca,40,BR,1562648439,78,-10.76,-37.31,77.0,12.75
dingle,30,PH,1562648439,76,11.0,122.67,85.54,9.73
mount gambier,75,AU,1562648266,87,-37.83,140.78,57.2,9.17
muzhi,100,RU,1562648439,53,65.4,64.7,57.64,3.8
linxia,1,CN,1562648439,51,35.6,103.21,65.56,5.75
chapais,1,CA,1562648440,76,49.78,-74.86,53.6,2.35
lorengau,100,PG,1562648440,77,-2.02,147.27,82.12,12.8
eshowe,27,ZA,1562648440,60,-28.89,31.46,56.74,2.86
caravelas,84,BR,1562648440,75,-17.73,-39.27,69.52,13.2
katsuura,75,JP,1562648440,74,33.93,134.5,80.6,13.87
huilong,36,CN,1562648441,66,31.15,106.5,81.94,0.94
mayor pablo lagerenza,0,PY,1562648441,70,-19.93,-60.77,58.9,4.43
praia da vitoria,20,PT,1562648441,93,38.73,-27.07,62.6,7.27
khasan,6,RU,1562648441,63,42.43,130.64,71.86,9.51
isla mujeres,40,MX,1562648413,83,21.23,-86.73,78.8,3.36
butembo,0,CD,1562648442,87,0.12,29.29,66.64,0.74
leshukonskoye,80,RU,1562648442,55,64.9,45.76,56.74,7.52
alekseyevsk,65,RU,1562648442,45,57.84,108.35,76.54,5.08
lata,60,IN,1562648442,93,30.78,78.62,51.34,6.49
riyadh,0,SA,1562648321,7,24.63,46.72,93.2,8.05
gigmoto,100,PH,1562648443,68,13.78,124.39,86.08,3.49
sept-iles,75,CA,1562648443,54,50.2,-66.38,59.0,9.17
sungaipenuh,98,ID,1562648443,69,-2.08,101.38,80.5,1.34
kommunisticheskiy,77,RU,1562648443,38,61.68,64.48,63.94,6.04
san jeronimo,45,PE,1562648443,89,-13.65,-73.37,45.58,1.48
margate,20,AU,1562648443,47,-43.03,147.26,57.2,14.99
along,100,IN,1562648444,98,28.17,94.8,61.78,1.16
bloomfield,1,US,1562648444,94,40.75,-92.42,73.4,6.2
caibarien,40,CU,1562648444,94,22.52,-79.47,71.6,2.24
katherine,82,AU,1562648444,27,-14.47,132.26,87.8,9.17
la ronge,20,CA,1562648444,81,55.1,-105.3,53.6,3.36
boyolangu,26,ID,1562648444,51,-8.09,111.9,80.5,8.55
bara,100,NG,1562648445,94,10.41,10.6,71.68,6.73
pacifica,90,US,1562648435,87,37.61,-122.49,59.0,8.05
chuy,100,UY,1562648445,71,-33.69,-53.46,47.74,5.68
nikolskoye,90,RU,1562648445,82,59.7,30.79,59.0,6.71
tual,38,ID,1562648445,84,-5.67,132.75,78.52,19.17
kavaratti,40,IN,1562648445,79,10.57,72.64,86.0,11.41
arroio grande,73,BR,1562648446,85,-32.24,-53.09,45.22,3.69
bay roberts,20,CA,1562648446,67,47.58,-53.28,59.0,19.46
tadine,95,NC,1562648446,60,-21.55,167.88,67.72,13.47
almonte,20,CA,1562648446,67,45.23,-76.19,63.0,3.36
bonthe,100,SL,1562648446,87,7.53,-12.5,74.92,8.43
vanderhoof,72,CA,1562648371,97,54.02,-124.02,55.3,5.97
okha,88,RU,1562648447,74,53.59,142.95,52.6,8.77
almaty,75,KZ,1562648382,29,43.24,76.95,87.8,6.71
bayanday,28,RU,1562648447,33,53.07,105.52,83.38,4.52
waipawa,61,NZ,1562648447,77,-39.94,176.59,51.01,13.0
pitimbu,75,BR,1562648447,100,-7.47,-34.81,71.6,6.93
moerai,50,PF,1562648447,81,-22.43,-151.33,72.04,17.0
gravelbourg,100,CA,1562648447,74,49.88,-106.56,60.34,8.34
santona,75,ES,1562648448,93,43.44,-3.46,64.99,9.17
upernavik,56,GL,1562648448,89,72.79,-56.15,40.72,20.36
mecca,0,SA,1562648348,25,21.43,39.83,94.18,11.72
richards bay,37,ZA,1562648448,77,-28.77,32.06,65.56,7.9
dubbo,40,AU,1562648448,58,-32.25,148.6,57.2,10.29
okahandja,64,NA,1562648448,39,-21.98,16.91,46.4,8.05
oktyabrskoye,40,RU,1562648449,53,56.73,85.44,75.0,8.95
cap malheureux,20,MU,1562648449,94,-19.98,57.61,75.0,4.7
krutinka,33,RU,1562648449,73,56.01,71.51,62.68,12.57
vila franca do campo,20,PT,1562648449,77,37.72,-25.43,64.4,2.24
kovur,100,IN,1562648449,36,14.5,79.99,95.8,19.64
springfield,1,US,1562648221,88,42.1,-72.59,68.0,4.38
sibolga,74,ID,1562648450,72,1.74,98.78,81.76,7.67
verkhoyansk,94,RU,1562648450,50,67.55,133.39,76.72,13.69
dicabisagan,86,PH,1562648450,59,17.08,122.42,90.76,1.59
lokosovo,87,RU,1562648450,75,61.13,74.84,58.36,8.99
saint-pierre,0,FR,1562648451,87,48.95,4.24,46.4,6.93
pisco,40,PE,1562648451,82,-13.71,-76.2,60.8,3.36
medicine hat,1,CA,1562648451,55,50.04,-110.68,66.2,8.05
nevelsk,40,RU,1562648451,63,46.67,141.86,64.4,6.71
southbridge,1,US,1562648194,63,42.08,-72.03,64.99,5.82
qarqin,0,AF,1562648451,11,37.41,66.03,106.06,21.79
zeya,97,RU,1562648451,85,53.74,127.27,70.24,5.86
jeremoabo,27,BR,1562648452,98,-10.08,-38.34,63.4,6.64
gbadolite,100,CD,1562648452,96,4.28,21.0,71.5,1.34
aketi,99,CD,1562648452,96,2.74,23.78,70.78,2.13
ferrol,90,ES,1562648452,88,43.48,-8.23,64.99,4.7
tyumentsevo,7,RU,1562648452,43,53.32,81.5,77.62,7.0
awjilah,0,LY,1562648453,33,29.14,21.3,82.66,6.53
kidal,9,ML,1562648453,40,18.44,1.41,87.34,17.25
lompoc,90,US,1562648211,93,34.64,-120.46,60.01,10.29
jiwani,64,PK,1562648453,80,25.05,61.74,84.28,10.29
quballat,0,TN,1562648453,45,36.54,9.66,82.4,3.36
kruisfontein,62,ZA,1562648453,91,-34.0,24.73,55.12,10.98
rorvik,90,NO,1562648454,100,64.86,11.24,51.8,2.24
klaksvik,1,FO,1562648454,87,62.23,-6.59,46.4,3.36
goderich,0,CA,1562648454,80,43.74,-81.71,68.0,6.04
lufkin,1,US,1562648454,88,31.34,-94.73,82.0,3.18
luanda,75,AO,1562648454,100,-8.83,13.24,69.8,2.24
abrau-dyurso,40,RU,1562648455,83,44.7,37.6,71.6,8.95
bathsheba,40,BB,1562648455,78,13.22,-59.52,82.4,20.8
parrita,0,CR,1562648455,88,9.52,-84.33,69.8,6.93
huron,1,US,1562648455,83,44.36,-98.21,78.8,6.93
kamloops,75,CA,1562648316,46,50.68,-120.34,73.4,0.2
plettenberg bay,49,ZA,1562648455,93,-34.05,23.37,53.68,4.74
helena,90,US,1562648455,59,46.59,-112.04,60.8,8.05
yarada,75,IN,1562648456,62,17.65,83.27,89.6,13.87
marsh harbour,85,BS,1562648299,72,26.54,-77.06,83.92,18.7
samarinda,9,ID,1562648456,44,-0.5,117.14,91.84,3.67
lohardaga,90,IN,1562648456,88,23.43,84.68,78.8,5.82
gataia,75,RO,1562648456,88,45.43,21.43,66.0,3.36
baykit,97,RU,1562648456,72,61.68,96.39,66.1,9.82
makakilo city,75,US,1562648457,100,21.35,-158.09,86.0,13.87
hambantota,75,LK,1562648457,75,6.12,81.12,89.6,12.75
itarema,30,BR,1562648457,96,-2.92,-39.92,70.96,5.1
abis,47,YE,1562648457,22,14.53,45.35,82.66,5.95
sao filipe,51,CV,1562648457,81,14.9,-24.5,72.04,16.42
inhambane,20,MZ,1562648457,100,-23.87,35.38,59.0,1.63
kenitra,20,MA,1562648407,100,34.26,-6.57,64.99,3.36
frontera comalapa,100,MX,1562648458,98,15.66,-92.14,61.6,3.09
de aar,0,ZA,1562648458,78,-30.65,24.01,44.32,2.66
tateyama,75,JP,1562648458,74,36.66,137.31,81.0,8.05
mananjary,0,MG,1562648458,62,-19.16,46.8,71.86,4.29
chivay,0,PE,1562648459,58,-15.64,-71.6,36.76,2.15
nanortalik,100,GL,1562648459,60,60.14,-45.24,45.76,4.07
abong mbang,99,CM,1562648459,98,3.98,13.18,67.0,3.27
kumba,100,CM,1562648459,96,4.64,9.44,72.4,1.39
kintampo,100,GH,1562648459,96,8.05,-1.73,69.52,5.91
isabela,67,PH,1562648460,73,10.2,122.99,83.92,10.8
neral,75,IN,1562648460,79,19.02,73.32,87.8,11.41
atherton,90,AU,1562648460,78,-17.27,145.48,73.4,17.22
karratha,0,AU,1562648460,14,-20.74,116.85,86.44,7.49
curillo,99,CO,1562648460,98,1.03,-75.92,66.46,0.07
gezing,75,AT,1562648460,82,47.92,13.13,59.0,5.82
rudnyy,0,KZ,1562648461,52,52.96,63.12,68.0,11.18
rawson,69,AR,1562648365,59,-43.3,-65.11,48.28,11.43
wakkanai,75,JP,1562648461,82,45.41,141.67,59.0,18.34
port elizabeth,0,US,1562648461,100,39.31,-74.98,71.6,0.96
ahipara,73,NZ,1562648461,71,-35.17,173.16,57.28,10.33
khandyga,68,RU,1562648461,41,62.65,135.58,78.34,4.09
atambua,0,ID,1562648462,71,-9.11,124.89,78.7,12.17
laguna,90,BZ,1562648462,94,16.17,-88.94,77.0,1.45
qianan,99,CN,1562648462,37,44.99,124.06,91.48,10.83
tapejara,0,BR,1562648462,89,-23.73,-52.87,47.56,8.63
korgen,23,NO,1562648462,71,66.08,13.83,54.0,1.57
diego de almagro,0,CL,1562648463,90,-26.39,-70.05,43.6,1.03
kavieng,100,PG,1562648463,82,-2.57,150.8,80.5,16.71
surt,0,LY,1562648403,58,31.21,16.59,81.4,5.14
ubatuba,56,BR,1562648463,96,-23.43,-45.08,47.2,2.51
caiaponia,0,BR,1562648463,53,-16.96,-51.81,58.18,3.83
mahebourg,20,MU,1562648463,94,-20.41,57.7,75.0,4.7
namatanai,100,PG,1562648464,79,-3.66,152.44,79.06,18.05
dennery,75,LC,1562648464,78,13.9,-60.89,82.4,23.04
rio gallegos,75,AR,1562648433,100,-51.62,-69.22,39.2,5.82
high level,75,CA,1562648464,54,58.52,-117.13,55.4,4.7
kirkuk,0,IQ,1562648464,11,35.47,44.4,97.78,1.63
bijela,75,BA,1562648464,100,44.79,18.56,62.01,4.7
aleksandrov gay,65,RU,1562648465,26,50.14,48.57,88.96,24.34
carbonia,0,IT,1562648465,69,39.17,8.53,81.0,2.24
marsa matruh,0,EG,1562648412,94,31.35,27.25,73.4,6.93
itoman,75,JP,1562648465,83,26.12,127.67,84.2,11.41
hohhot,40,CN,1562648465,72,40.81,111.65,68.0,6.71
roebourne,0,AU,1562648465,14,-20.77,117.15,86.44,7.78
soligalich,64,RU,1562648466,84,59.08,42.29,61.6,6.96
baft,8,IR,1562648466,14,29.23,56.61,78.7,4.92
bao,100,BF,1562648466,73,13.0,-3.22,77.98,11.86
acapulco,40,MX,1562648466,88,16.86,-99.88,82.4,2.24
esperance,40,AU,1562648466,71,-33.86,121.89,57.2,21.92
tyret pervaya,28,RU,1562648466,44,53.67,102.31,82.12,4.25
hirara,75,JP,1562648467,79,24.8,125.28,87.8,17.22
watsa,20,CD,1562648467,95,3.04,29.53,68.26,2.42
chhoti sadri,41,IN,1562648467,62,24.38,74.7,86.44,17.13
balad,9,ID,1562648467,42,-6.76,108.42,82.12,5.73
roxana,0,CR,1562648467,88,10.27,-83.75,69.8,6.93
grande-synthe,98,FR,1562648468,87,51.01,2.3,53.01,1.12
piacabucu,55,BR,1562648468,89,-10.41,-36.43,73.84,11.95
partapur,46,IN,1562648468,58,23.59,74.18,88.96,15.39
insch,100,GB,1562648468,87,57.34,-2.61,54.0,4.7
aksu,0,KZ,1562648468,57,52.04,76.93,78.8,13.42
camara de lobos,20,PT,1562648468,68,32.63,-16.97,68.0,11.41
urengoy,41,RU,1562648469,43,65.96,78.37,62.5,13.13
osorno,87,CL,1562648469,99,-40.57,-73.14,47.56,4.05
maumere,29,ID,1562648469,63,-8.63,122.22,81.58,5.1
kloulklubed,75,PW,1562648469,70,7.04,134.26,86.0,10.29
paratinga,7,BR,1562648469,75,-12.69,-43.18,63.76,4.0
kungurtug,43,RU,1562648469,35,50.6,97.53,74.02,7.83
benavente,21,ES,1562648470,87,42.0,-5.67,62.01,5.82
airai,9,TL,1562648470,54,-8.93,125.41,82.3,3.09
sitka,43,US,1562648470,88,37.17,-99.65,75.99,5.99
iracoubo,96,GF,1562648470,96,5.48,-53.21,72.94,3.18
waitati,69,NZ,1562648470,70,-45.75,170.57,48.0,3.0
tiksi,97,RU,1562648255,73,71.64,128.87,58.72,4.5
shingu,75,JP,1562648148,74,33.72,135.99,78.8,14.99
jinchang,50,CN,1562648471,42,38.52,102.19,65.92,5.53
ormara,17,PK,1562648471,46,25.21,64.64,93.1,12.91
kerman,40,IR,1562648471,5,30.29,57.06,82.4,4.7
lusambo,32,CD,1562648471,36,-4.97,23.44,71.14,1.99
boende,25,CD,1562648471,82,-0.28,20.88,73.3,4.18
chumikan,81,RU,1562648472,73,54.72,135.31,55.84,6.62
alofi,52,NU,1562648472,88,-19.06,-169.92,75.2,2.24
puerto quijarro,0,BO,1562648472,51,-19.0,-57.72,60.16,5.41
xingcheng,87,CN,1562648472,48,40.62,120.71,82.48,9.64
valparaiso,40,US,1562648472,93,41.47,-87.06,69.8,3.76
katobu,10,ID,1562648473,58,-4.94,122.53,84.64,8.3
teya,40,MX,1562648473,83,21.05,-89.07,77.0,4.7
suzun,0,RU,1562648473,44,53.78,82.32,76.36,8.46
port hedland,0,AU,1562648473,20,-20.31,118.58,84.2,12.75
brae,0,GB,1562648473,93,60.4,-1.35,46.4,2.24
sur,0,OM,1562648473,40,22.57,59.53,95.44,3.62
outjo,48,NA,1562648474,20,-20.11,16.16,47.38,12.53
tecoanapa,40,MX,1562648474,88,16.99,-99.26,82.4,2.19
damietta,0,EG,1562648474,83,31.42,31.81,78.8,8.05
beterou,100,BJ,1562648474,96,9.2,2.26,68.8,3.11
oia,0,ES,1562648474,93,42.0,-8.88,62.01,2.24
erzin,20,TR,1562648474,78,36.95,36.2,81.0,2.24
flinders,20,AU,1562648475,42,-34.58,150.85,64.0,9.17
novopokrovka,0,UA,1562648475,77,49.84,36.56,60.8,6.71
gualaquiza,97,EC,1562648475,97,-3.4,-78.58,46.12,3.65
udachnyy,75,RU,1562648294,41,66.42,112.4,75.2,13.42
dalnerechensk,9,RU,1562648475,69,45.93,133.72,81.58,5.39
coahuayana,51,MX,1562648475,77,18.62,-100.35,74.38,1.41
shelburne,1,CA,1562648476,93,44.08,-80.2,60.01,2.24
sijunjung,99,ID,1562648476,54,-0.69,100.95,82.12,4.38
avera,1,US,1562648476,88,33.19,-82.53,84.2,3.36
nicoya,75,CR,1562648301,100,10.15,-85.45,73.4,2.24
sosua,20,DO,1562648476,83,19.77,-70.52,80.01,9.17
nardaran,0,AZ,1562648476,45,40.56,50.01,82.4,3.36
beruwala,99,LK,1562648477,77,6.48,79.98,83.74,12.55
nizwa,22,OM,1562648477,10,22.93,57.53,102.1,5.44
bandarbeyla,46,SO,1562648477,42,9.49,50.81,89.68,33.11
ballina,84,IE,1562648477,93,54.11,-9.15,59.0,1.01
crixas,0,BR,1562648477,53,-14.55,-49.97,66.82,6.02
mioveni,100,RO,1562648478,67,44.96,24.94,72.0,1.34
nioro,30,GM,1562648478,71,13.79,-15.05,78.16,7.27
sinnai,0,IT,1562648478,69,39.3,9.2,81.0,2.24
moron,9,HT,1562648478,79,18.56,-74.26,78.88,4.38
leh,0,IN,1562648478,73,34.16,77.58,42.7,6.08
palmer,20,AU,1562648464,58,-34.85,139.16,62.01,12.75
merauke,20,ID,1562648479,81,-8.49,140.4,78.16,22.39
fort nelson,40,CA,1562648479,58,58.81,-122.69,59.0,5.82
chudniv,0,UA,1562648479,74,50.05,28.12,55.84,13.35
petropavlivka,0,UA,1562648479,69,48.46,36.42,65.74,11.23
saint-francois,0,FR,1562648479,67,46.42,3.91,57.2,3.36
zemio,83,CF,1562648479,95,5.02,25.13,71.32,2.48
malkapur,100,IN,1562648480,67,20.89,76.2,84.64,13.78
te anau,99,NZ,1562648480,83,-45.41,167.72,44.14,3.53
half moon bay,90,US,1562648480,87,37.46,-122.43,60.01,8.05
antofagasta,75,CL,1562648480,76,-23.65,-70.4,57.2,12.75
payo,4,ID,1562648480,56,-3.75,103.64,84.28,2.55
hakui,75,JP,1562648480,74,36.89,136.78,81.0,8.05
ialibu,94,PG,1562648481,96,-6.28,143.99,68.8,2.86
hengshan,75,TW,1562648481,63,24.72,121.14,96.01,26.4
chapada dos guimaraes,0,BR,1562648481,68,-15.46,-55.75,68.0,1.12
anadyr,0,RU,1562648481,29,64.73,177.51,75.2,6.71
denpasar,40,ID,1562648268,78,-8.65,115.22,80.6,16.11
uvat,95,RU,1562648481,83,59.14,68.9,59.62,10.04
westport,1,US,1562648482,93,41.14,-73.36,70.0,3.36
iki-burul,95,RU,1562648482,53,45.82,44.65,75.2,15.66
mehamn,0,NO,1562648482,66,71.03,27.85,50.0,4.7
vostok,52,RU,1562648482,89,46.45,135.83,74.92,3.22
marawi,92,PH,1562648482,80,8.0,124.29,82.99,7.0
touho,6,NC,1562648483,71,-20.78,165.23,62.86,4.07
ostrovnoy,99,RU,1562648483,72,68.05,39.51,46.48,9.71
chongwe,0,ZM,1562648483,61,-15.33,28.68,46.4,2.24
marrakesh,0,MA,1562648483,72,31.63,-7.99,64.4,3.36
maua,0,KE,1562648483,57,0.23,37.94,58.72,5.28
bridlington,100,GB,1562648268,87,54.08,-0.19,55.4,1.12
joaima,29,BR,1562648483,85,-16.65,-41.03,60.16,3.42
saint paul,1,US,1562648432,69,44.95,-93.1,77.0,8.05
kathu,0,ZA,1562648403,65,-27.7,23.05,39.0,3.89
cordoba,71,AR,1562648484,40,-27.78,-67.24,48.82,0.96
luena,17,AO,1562648484,34,-11.78,19.91,48.28,2.93
diamantino,0,BR,1562648484,55,-14.4,-56.44,62.86,2.62
kondinskoye,46,RU,1562648484,66,59.65,67.41,61.96,11.65
xingyi,99,CN,1562648485,86,24.19,102.82,69.7,2.28
saldanha,2,PT,1562648485,82,41.42,-6.55,59.62,3.65
madera,1,US,1562648416,31,36.96,-120.06,82.4,8.05
achit,46,RU,1562648485,67,56.8,57.9,62.68,1.59
manyana,20,AU,1562648485,42,-35.26,150.51,62.6,9.17
lazaro cardenas,20,MX,1562648485,38,28.39,-105.62,77.0,6.58
labuhan,31,ID,1562648486,39,-2.54,115.51,90.76,3.87
jalu,0,LY,1562648486,28,29.03,21.55,83.74,5.93
ugoofaaru,100,MV,1562648486,76,5.67,73.0,84.28,12.77
constitucion,100,MX,1562648486,83,23.99,-104.67,62.01,4.0
bolgar,75,RU,1562648486,64,54.97,49.03,68.0,13.42
ornskoldsvik,11,SE,1562648487,58,63.29,18.72,55.4,6.93
wamba,32,CD,1562648487,96,2.14,27.99,69.52,3.09
emba,20,CY,1562648487,47,34.81,32.42,81.0,3.36
padang,100,ID,1562648487,72,-0.92,100.36,80.14,5.61
boynton beach,20,US,1562648487,77,40.55,-74.25,73.4,4.7
melfi,40,IT,1562648488,88,41.0,15.66,75.2,4.7
tomatlan,77,MX,1562648488,80,19.93,-105.25,78.7,2.82
pervomayskoye,73,RU,1562648488,49,57.07,86.23,76.18,7.72
touros,40,BR,1562648488,94,-5.2,-35.46,71.6,4.7
leticia,0,CO,1562648488,100,-4.21,-69.94,71.6,0.6
saint anthony,1,US,1562648489,55,43.97,-111.68,60.8,10.29
zhangye,2,CN,1562648489,32,38.94,100.46,71.32,9.42
nenjiang,100,CN,1562648489,70,49.17,125.23,79.24,7.52
virden,40,CA,1562648265,94,49.85,-100.93,64.66,4.83
banjar,66,ID,1562648489,57,-7.37,108.54,81.04,7.52
narsaq,100,GL,1562648489,24,60.91,-46.05,59.0,26.4
san onofre,89,CO,1562648489,82,9.74,-75.52,82.3,11.01
san ramon,98,NI,1562648490,98,12.92,-85.84,66.64,3.87
la serena,90,CL,1562648490,81,-29.9,-71.25,53.6,4.7
sri aman,75,MY,1562648490,56,1.24,111.46,93.2,5.82
itupiranga,0,BR,1562648286,100,-5.13,-49.33,73.4,2.24
egvekinot,75,RU,1562648490,32,66.32,-179.17,78.16,10.4
bayeux,75,BR,1562648490,100,-7.13,-34.94,71.6,6.93
broken hill,75,AU,1562648491,44,-31.97,141.45,59.0,11.41
malanje,61,AO,1562648491,33,-9.54,16.35,54.04,6.87
lovington,1,US,1562648491,41,32.94,-103.35,78.8,8.05
ketchikan,90,US,1562648491,82,55.34,-131.65,60.8,9.17
tokur,98,RU,1562648491,57,53.13,132.9,71.32,5.28
nyimba,42,ZM,1562648491,35,-14.56,30.81,62.68,2.91
soe,92,EE,1562648492,93,57.91,26.05,55.0,5.82
guangyuan,41,CN,1562648492,49,32.43,105.86,89.01,1.01
lavrentiya,3,RU,1562648492,35,65.58,-170.99,68.26,4.68
yarmouth,20,CA,1562648492,82,43.84,-66.12,60.01,5.82
lethem,12,GY,1562648492,83,3.38,-59.8,76.0,1.21
la sarre,22,CA,1562648319,64,48.8,-79.2,55.66,1.68
qaqortoq,100,GL,1562648493,24,60.72,-46.03,59.0,26.4
shizunai,85,JP,1562648493,81,42.33,142.37,59.08,8.25
santa rita do sapucai,0,BR,1562648493,87,-22.25,-45.7,42.16,0.89
kisangani,100,CD,1562648493,97,0.52,25.21,70.96,0.36
port shepstone,1,ZA,1562648493,50,-30.74,30.45,56.02,3.58
kuusamo,0,FI,1562648324,81,65.96,29.19,46.4,5.82
hongjiang,100,CN,1562648494,72,27.21,109.83,74.56,0.58
kupang,75,ID,1562648494,42,-10.16,123.6,86.0,4.7
kamenka,67,MD,1562648494,75,48.03,28.7,57.99,5.73
saint-leu-la-foret,0,FR,1562648494,76,49.02,2.25,57.0,3.36
jiuquan,0,CN,1562648494,24,39.73,98.49,76.9,12.12
port blair,30,IN,1562648495,78,11.67,92.75,84.28,16.42
guerrero negro,1,MX,1562648495,85,27.97,-114.04,65.02,14.12
banda aceh,14,ID,1562648495,74,5.56,95.32,83.92,15.99
tema,75,GH,1562648495,94,5.66,-0.01,75.2,8.05
ojinaga,1,US,1562648495,35,29.56,-104.41,84.2,5.82
ponta delgada,20,PT,1562648495,77,37.73,-25.67,64.4,2.24
zhizdra,71,RU,1562648496,72,53.75,34.74,59.98,5.73
aykhal,75,RU,1562648496,41,65.95,111.51,75.2,13.42
saurimo,23,AO,1562648496,35,-9.66,20.4,55.48,5.7
shush,13,RU,1562648496,48,55.6,89.45,75.82,3.71
serebryansk,4,KZ,1562648496,48,49.68,83.3,81.58,7.16
codrington,40,AU,1562648497,49,-28.95,153.24,71.6,5.82
camopi,79,GF,1562648497,99,3.17,-52.33,69.52,2.21
skjervoy,0,NO,1562648497,76,70.03,20.97,55.4,2.24
ulaanbaatar,20,MN,1562648290,22,47.92,106.92,78.8,6.71
sisimiut,97,GL,1562648497,83,66.94,-53.67,40.9,22.32
oulainen,0,FI,1562648497,73,64.27,24.8,51.01,3.0
tiznit,0,MA,1562648498,90,29.7,-9.73,65.92,10.33
mamallapuram,40,IN,1562648498,39,12.63,80.17,96.8,9.17
leningradskiy,36,RU,1562648498,65,69.38,178.42,50.08,11.32
saint pete beach,75,US,1562648498,83,27.73,-82.74,84.99,3.36
chicama,90,PE,1562648498,93,-7.84,-79.15,62.6,6.93
